territorio,Username,E-mail,Status
IRA_XX1,J1samp1,Jhon1.sample1@sample.com,Active
IRA_XX2,J1samp2,Jhon1.sample2@sample.com,Active
IRA_XX3,J1samp3,Jhon1.sample3@sample.com,Active
IRA_XX4,J1samp4,Jhon1.sample4@sample.com,Active
IRA_XX5,J1samp5,Jhon1.sample5@sample.com,Active
IRA_XX6,J1samp6,Jhon1.sample6@sample.com,Active
IRA_XX7,J1samp7,Jhon1.sample7@sample.com,Active
IRA_XX8,J1samp8,Jhon1.sample8@sample.com,Active
IRA_XX9,J1samp9,Jhon1.sample9@sample.com,Active
IRD_XX1,J1samp10,Jhon1.sample10@sample.com,Active
IRD_XX2,J1samp11,Jhon1.sample11@sample.com,Active
IRD_XX3,J1samp12,Jhon1.sample12@sample.com,Active
IRD_XX4,J1samp13,Jhon1.sample13@sample.com,Active
IRD_XX5,J1samp14,Jhon1.sample14@sample.com,Active
IRD_XX6,J1samp15,Jhon1.sample15@sample.com,Active
IRD_XX7,J1samp16,Jhon1.sample16@sample.com,Active
IRD_XX8,J1samp17,Jhon1.sample17@sample.com,Active
IRD_XX9,J1samp18,Jhon1.sample18@sample.com,Active
IRD_XX10,J1samp19,Jhon1.sample19@sample.com,Active
