Email,UserName
J1samp1@sample.net,J1samp1
J1samp2@sample.net,J1samp2
J1samp3@sample.net,J1samp3
J1samp4@sample.net,J1samp4
J1samp5@sample.net,J1samp5
J1samp6@sample.net,J1samp6
J1samp7@sample.net,J1samp7
J1samp8@sample.net,J1samp8
J1samp9@sample.net,J1samp9
J1samp10@sample.net,J1samp10
J1samp11@sample.net,J1samp11
J1samp12@sample.net,J1samp12
J1samp13@sample.net,J1samp13
J1samp14@sample.net,J1samp14
J1samp15@sample.net,J1samp15
J1samp16@sample.net,J1samp16
J1samp17@sample.net,J1samp17
J1samp18@sample.net,J1samp18
J1samp19@sample.net,J1samp19
